Context,Mean Probability,95% CI Lower,95% CI Upper
"Early Inning, Few Outs",0.4904359049743561,0.4863971258500756,0.4944368888638572
"Late Inning, Few Outs",0.4713395913081235,0.45927174473606786,0.4833161739320797
"Early Inning, Many Outs",0.48775437586271403,0.45762520062123596,0.5171428316323786
"Early Inning, Few Balls",0.4781159980363633,0.4675787611778692,0.4889621706483417
"Late Inning, Many Balls",0.43474174814496264,0.4038132322741848,0.46692948206171525
