Condition,Mean Probability,95% CI Lower,95% CI Upper
"Low Bat Speed, Left Stand",0.43270024052194694,0.40452011028356444,0.4617046561261325
"Low Bat Speed, Right Stand",0.4203212384459541,0.3955957166130467,0.4455747241588097
"High Bat Speed, Left Stand",0.4371547905977678,0.40934763098237875,0.4651240248760818
"High Bat Speed, Right Stand",0.42474446753052386,0.40081729647344577,0.44889696428692705
"Low Swing Length, Left P_throws",0.4951155590872979,0.4638273323990908,0.5264232027987003
"Low Swing Length, Right P_throws",0.48121236226864067,0.4581486856135187,0.5047300659440987
"High Swing Length, Left P_throws",0.37782609830667846,0.3465035949790382,0.4103934012357453
"High Swing Length, Right P_throws",0.3647689871710195,0.34313167337429773,0.38681752479519194
